Text,Actual_Intents,Predicted_Intents,Confidence
Kom takay besi minit meyad besi din,Prepaid Voice bundle Q,prepaid_voice_bundle_q,0.688498017
Kom takay besi minuit,Prepaid Voice bundle Q,None,0.38928007
Minute offer din,Prepaid Voice bundle Q,prepaid_voice_bundle_q,1
Minit kivabe kinbo aktu bolle valo hoytu,Prepaid Voice bundle Q,prepaid_voice_bundle_q,1
Munute kine kivabe?,Prepaid Voice bundle Q,prepaid_voice_bundle_q,1
how to know minute bundle,Prepaid Voice bundle Q,prepaid_voice_bundle_q,1
minute bundle kivabe dekbo,Prepaid Voice bundle Q,prepaid_voice_bundle_q,1
how to check minute package,Prepaid Voice bundle Q,prepaid_voice_bundle_q,1
ভাই আমার লাকবে হল কম দামে বেশি মিনিট ***আর Smsলাগবে বেশি,Prepaid Voice bundle Q,None,0.657399509
minit kinar offer dakbo ki dia,Prepaid Voice bundle Q,prepaid_voice_bundle_q,0.788431362
Minute bundle kine kivabe Robi te,Prepaid Voice bundle Q,prepaid_voice_bundle_q,1
Minute Kinar code koto,Prepaid Voice bundle Q,prepaid_voice_bundle_q,1
Kotha bola jayna kn,Prepaid Voice bundle Q,None,0.657399509
Minute bundle kine kivabe Robi te,Prepaid Voice bundle Q,prepaid_voice_bundle_q,1
Minit kinbo kibaba,Prepaid Voice bundle Q,prepaid_voice_bundle_q,0.685117977
10 minit r 5 minit kena kibabe,Prepaid Voice bundle Q,prepaid_voice_bundle_q,1
"Thank you sms er jono, r kom takai minite kinbo kiba ba...?",Prepaid Voice bundle Q,prepaid_SMS_bundle_q,0.445843955
Minute Kinar upay,Prepaid Voice bundle Q,prepaid_voice_bundle_q,1
Minute kinbo kivabe,Prepaid Voice bundle Q,prepaid_voice_bundle_q,0.744341296
How to loking minit,Prepaid Voice bundle Q,prepaid_voice_bundle_q,1
Min kinbo kivabe,Prepaid Voice bundle Q,prepaid_voice_bundle_q,0.495234688
minit er offer,Prepaid Voice bundle Q,prepaid_voice_bundle_q,0.872251983
Minute pack kinar code ta den sob minutes pack dekhbo,Prepaid Voice bundle Q,prepaid_voice_bundle_q,1
104 Taka Rechare 170 Min.1 Lokho Takar Life Ensores Ki Dtls Info.Chai,Prepaid Voice bundle Q,prepaid_voice_bundle_q,1
রবিতে মিনিট কিনবো কি ভাবে,Prepaid Voice bundle Q,None,0.657399509
Minute bundle kine kivabe Robi te,Prepaid Voice bundle Q,prepaid_voice_bundle_q,1
minit offere 30 diner,Prepaid Voice bundle Q,prepaid_voice_bundle_q,1
5 menute neoar sms,Prepaid Voice bundle Q,prepaid_voice_bundle_q,1
রবি সিমে মিনিট বান্ডিল কেনার নম্বার ওচেক করার নম্বার,Prepaid Voice bundle Q,None,0.657399509
Minute kine kivabe,Prepaid Voice bundle Q,prepaid_voice_bundle_q,0.868729452
Minute bundle kine kivabe Robi te,Prepaid Voice bundle Q,prepaid_voice_bundle_q,1
Robi sim a mint r sms kiny ki diy r chake kory ki diy,Prepaid Voice bundle Q,prepaid_SMS_bundle_q,0.923917671
Kivabe ami min dakhbo,Prepaid Voice bundle Q,prepaid_voice_bundle_q,0.517393949
কম টাকায় 30দিন মেয়াদি মিনিট অফার । কি আছে ?,Prepaid Voice bundle Q,prepaid_voice_bundle_q,0.378821122
BDT146রিচার্যে 210 মিনিট পেতে কি ডায়াল করব,Prepaid Voice bundle Q,None,0.657399509
"Priyo Robi, eto confuse bundle na thakai bhalo. 27 Taka recharge e 42 min naki 44 min?",Prepaid Voice bundle Q,prepaid_voice_bundle_q,0.975979025
Sms j krlam ar jnno keno tk kata hy? Tahle apnara sebar nam kre manuser poketer tk kattecen avabe..Atai ki apnader seba? 200mnt ba 150mnt 30din kto tk,Prepaid Voice bundle Q,prepaid_SMS_bundle_q,0.511902016
Accah 30 din meyader minit kinbo kivabe,Prepaid Voice bundle Q,prepaid_voice_bundle_q,0.656527953
Minite kine koto diye,Prepaid Voice bundle Q,prepaid_voice_bundle_q,0.635004692
Minute kinbo code chai,Prepaid Voice bundle Q,prepaid_voice_bundle_q,0.696881871
Robi te minute kinbo kibave?,Prepaid Voice bundle Q,prepaid_voice_bundle_q,0.593147465
5 minit kenar upai,Prepaid Voice bundle Q,prepaid_voice_bundle_q,1
accah 3 taka ba 6 takay manit kinbo kivabe,Prepaid Voice bundle Q,prepaid_voice_bundle_q,0.679971206
accah lon nibo kivabe,Prepaid Voice bundle Q,loan_offer,1
Voice pack kine ki dial kore robi te,Prepaid Voice bundle Q,prepaid_SMS_bundle_q,0.44708343
Minute kinbo kivabe,Prepaid Voice bundle Q,prepaid_voice_bundle_q,0.744341296
Code of 5min 3tk for 4hrs,Prepaid Voice bundle Q,None,0.841880478
Kom dama minte bundle,Prepaid Voice bundle Q,prepaid_voice_bundle_q,0.41704982
6মিনিট কেনবো কী ভাবে,Prepaid Voice bundle Q,None,0.657399509
মাই রবি.আমাকে5টাকার8মিনিট.কুট টা দিতে হবে.?,Prepaid Voice bundle Q,prepaid_voice_bundle_q,0.378821122
Minute kinbo kivabe,Prepaid Voice bundle Q,prepaid_voice_bundle_q,0.744341296
minit ki babe anbo,Prepaid Voice bundle Q,prepaid_voice_bundle_q,0.884732908
ভাইয়া মিনিট কিভাবে কিনমু,Prepaid Voice bundle Q,None,0.657399509
Minit kmne kine,Prepaid Voice bundle Q,prepaid_voice_bundle_q,0.844533074
মিনিট কেনার কোড কি?,Prepaid Voice bundle Q,prepaid_voice_bundle_q,0.378821122
Minute kinbo kivabe,Prepaid Voice bundle Q,prepaid_voice_bundle_q,0.744341296
মিনিট কত কত ডায়াল করতে হয়??,Prepaid Voice bundle Q,prepaid_voice_bundle_q,0.378821122
"২ টাকায় কোনো মিনিট অফার অছে কি ""থাকলে কোড দিন""",Prepaid Voice bundle Q,None,0.657399509
5 মিনিট কেনার CODE,Prepaid Voice bundle Q,prepaid_voice_bundle_q,0.640104244
My Rnbi 5tk 8min.Offer,Prepaid Voice bundle Q,prepaid_voice_bundle_q,0.52920416
Hey robi.... Graminphone sim a to 6 takay 10 minitue dey Tahole robi keno 10 minitue kinle 8 taka ney?,Prepaid Voice bundle Q,prepaid_voice_bundle_q,0.573946985
Free minute bandle ki vabe neya jay,Prepaid Voice bundle Q,prepaid_voice_bundle_q,0.74231702
Free vonus minute lagbe,Prepaid Voice bundle Q,prepaid_voice_bundle_q,0.545428666
Amar munit bundal lagba 1 mar ar jonna.,Prepaid Voice bundle Q,prepaid_voice_bundle_q,1
Robite kom takar mintr offer jante ki tipe korbo,Prepaid Voice bundle Q,prepaid_voice_bundle_q,0.588350952
Minute kinbo kivabe,Prepaid Voice bundle Q,prepaid_voice_bundle_q,0.744341296
Minute kinbo kivabe,Prepaid Voice bundle Q,prepaid_voice_bundle_q,0.744341296
Minute kinbo kivabe,Prepaid Voice bundle Q,prepaid_voice_bundle_q,0.744341296
104 TK. Recharge information me now please,Prepaid Voice bundle Q,None,0.441896765
From 01815483325 Ami Jodi 104 taka recharge koro so minutes other kisu pabo,Prepaid Voice bundle Q,prepaid_voice_bundle_q,0.639491426
Robita minit kinbo kibava,Prepaid Voice bundle Q,prepaid_voice_bundle_q,0.685117977
6 takay 10 minit kinar cod ta den,Prepaid Voice bundle Q,prepaid_voice_bundle_q,1
Robi minits bundle,Prepaid Voice bundle Q,prepaid_SMS_bundle_q,0.250440946
রবিতে মিনিট কিনব কিভাবে,Prepaid Voice bundle Q,None,0.657399509
Minute kinbo kivabe,Prepaid Voice bundle Q,prepaid_voice_bundle_q,0.744341296
MINIT TRANSPAR KIBABE KORE,Prepaid Voice bundle Q,prepaid_voice_bundle_q,0.817946991
how to bay minite,Prepaid Voice bundle Q,prepaid_voice_bundle_q,1
Minit pack kinte hobe ki vabe ami to parteci na mam....,Prepaid Voice bundle Q,prepaid_voice_bundle_q,1
SURA EKLAS PAT KORE KI VABE AKTU BANGLAI SMS KORE DIBE KOSTO KRE AMAR AKTU VALO HOTO,Prepaid Voice bundle Q,prepaid_SMS_bundle_q,0.306195115
Amr 6 takay 10 minit 45 din ata kenta ci,Prepaid Voice bundle Q,prepaid_voice_bundle_q,1
30 takay 50 minit 30 din mead ata kenta ci,Prepaid Voice bundle Q,prepaid_voice_bundle_q,1
30 takay 50 minit 30 din aita kenta ci,Prepaid Voice bundle Q,prepaid_voice_bundle_q,0.964519021
মিনিট প্যাক অফার চাই,Prepaid Voice bundle Q,None,0.657399509
Minit kinbo kivabe,Prepaid Voice bundle Q,prepaid_voice_bundle_q,0.737159244
5মিনিট 3টাকায় কিনবো কি দিয়ে,Prepaid Voice bundle Q,None,0.657399509
রবি মিনিট অফার জানতে চাই,Prepaid Voice bundle Q,None,0.657399509
Minit kinea ki deyi,Prepaid Voice bundle Q,prepaid_voice_bundle_q,0.884732908
Minut balnce bandil kiney ki dey,Prepaid Voice bundle Q,prepaid_voice_bundle_q,0.263333457
2 taka 3 taka r min,Prepaid Voice bundle Q,prepaid_voice_bundle_q,0.916375138
how to chake minit?,Prepaid Voice bundle Q,prepaid_voice_bundle_q,0.909590786
আমি 9 টাকা দিয়ে 14 মিনিট কিনতে চাই তো কোন নাম্বার টা ডায়াল করব????,Prepaid Voice bundle Q,prepaid_voice_bundle_q,0.378821122
1 Maser Minit Kivabe Kinte Hoy.,Prepaid Voice bundle Q,prepaid_voice_bundle_q,1
"Minit Offer Dail,",Prepaid Voice bundle Q,prepaid_voice_bundle_q,1
Data pack na sudhu minute r ta den,Prepaid Voice bundle Q,prepaid_voice_bundle_q,0.718339991
robi minit daker digit r robir sms dekhar dight plz,Prepaid Voice bundle Q,prepaid_SMS_bundle_q,0.803388909
Minute kinbo kivabe,Prepaid Voice bundle Q,prepaid_voice_bundle_q,0.744341296
MINITE OFFAR KI DIA DAKBO?,Prepaid Voice bundle Q,prepaid_voice_bundle_q,0.515696885
Minute offar ki dia dakbo?,Prepaid Voice bundle Q,prepaid_voice_bundle_q,0.713319525
Aisob minute offara koto din mayad.,Prepaid Voice bundle Q,prepaid_voice_bundle_q,0.774008431
Minute kinbo kivabe,Prepaid Voice bundle Q,prepaid_voice_bundle_q,0.744341296
Amakey minit din,Prepaid Voice bundle Q,prepaid_voice_bundle_q,0.766074216
৩ টাকায় ৫ মিনিট অফার টি কেনার জন্য কি ডায়াল করব,Prepaid Voice bundle Q,None,0.657399509
Baton phone tik tok thekar upoy,Prepaid Voice bundle Q,None,0.657399509
Minit kenar upoy,Prepaid Voice bundle Q,prepaid_voice_bundle_q,0.608118345
ki vabe minit kina jay,Prepaid Voice bundle Q,prepaid_voice_bundle_q,0.736865376
Need only munite offer. Not combind with data,Prepaid Voice bundle Q,prepaid_voice_bundle_q,0.52920416
মিনিট চেক করে কিভাবে,Prepaid Voice bundle Q,None,0.657399509
আছা ভাইয়া এই সিমে এতো টাকা কাটেকেনো,Prepaid Voice bundle Q,None,0.657399509
আছা ভাইয়া নম্বর টা দেন কথাবলি,Prepaid Voice bundle Q,None,0.657399509
রবি মিনিট কিভাবে দেখে,Prepaid Voice bundle Q,None,0.657399509
Minit Kibabe Nebo,Prepaid Voice bundle Q,prepaid_voice_bundle_q,0.921956762
"mini Min hmm o,",Prepaid Voice bundle Q,prepaid_voice_bundle_q,0.597294919
How will I get postpaid minute offer,Prepaid Voice bundle Q,prepaid_voice_bundle_q,1
I have no smart phone so how can I get NAGAD or bkash minute offer,Prepaid Voice bundle Q,prepaid_voice_bundle_q,0.804390893
Minute kinbo kivabe,Prepaid Voice bundle Q,prepaid_voice_bundle_q,0.744341296
Robi minute offer kine kivabe,Prepaid Voice bundle Q,prepaid_voice_bundle_q,0.871518988
"How to buy 30min ,30 day pack",Prepaid Voice bundle Q,prepaid_voice_bundle_q,0.570547235
Minute kinbo kivabe,Prepaid Voice bundle Q,prepaid_voice_bundle_q,0.744341296
রবিতে মিনিট কিনে কিভাবে,Prepaid Voice bundle Q,None,0.657399509
রবিতে মিনিট চেক করে কিভাবে,Prepaid Voice bundle Q,None,0.657399509
রবি তে মিনিট কিনতে কত ডায়ল করতে হয়।,Prepaid Voice bundle Q,None,0.657399509
কল মিনিট কিনতে কত ডায়ল করতে হয়,Prepaid Voice bundle Q,None,0.657399509
Minit.Pecs.Patan,Prepaid Voice bundle Q,prepaid_voice_bundle_q,1
2takr minit dem,Prepaid Voice bundle Q,prepaid_voice_bundle_q,0.921956762
how to buy 10 minits pack,Prepaid Voice bundle Q,prepaid_voice_bundle_q,1
Robi te minit kmne kine.,Prepaid Voice bundle Q,prepaid_voice_bundle_q,0.638728505
Robi minute offer kine kivabe,Prepaid Voice bundle Q,prepaid_voice_bundle_q,0.871518988
8 Taka recharge korle koto minit pawa jay ebong 9 Taka recharge korle koto minit ba koto MB pawa jay?,Prepaid Voice bundle Q,prepaid_voice_bundle_q,0.945763383
Robi minute offer kine kivabe,Prepaid Voice bundle Q,prepaid_voice_bundle_q,0.871518988
রবিতে কত টাকাই কত মিনিট,Prepaid Voice bundle Q,None,0.657399509
BDT9 Recharge offer Ashe ki,Prepaid Voice bundle Q,prepaid_voice_bundle_q,0.618519884
Minute offer diye sahajjo korun,Prepaid Voice bundle Q,prepaid_voice_bundle_q,0.944076028
Minute offer din,Prepaid Voice bundle Q,prepaid_voice_bundle_q,1
আমি চেয়ে ছিলাম মিনিট কিনতে ।,Prepaid Voice bundle Q,None,0.657399509
minute packs kiner code din,Prepaid Voice bundle Q,prepaid_voice_bundle_q,0.771580695
30 days all minute pack code,Prepaid Voice bundle Q,prepaid_voice_bundle_q,0.866781832
Minute kinte kivabe dial korbo ektu bolben?,Prepaid Voice bundle Q,prepaid_voice_bundle_q,1
রবিতে ১০টাকায় মিনিট প্যাক আছে কি ?,Prepaid Voice bundle Q,prepaid_voice_bundle_q,0.378821122
Robi sime minit pack kene ki vabe,Prepaid Voice bundle Q,prepaid_voice_bundle_q,0.68188699
মিনিট কিভাবে দেখতে হয়?,Prepaid Voice bundle Q,prepaid_voice_bundle_q,0.378821122
মিনিট দেখার কোড কি,Prepaid Voice bundle Q,None,0.657399509
"Few min ago i recharged 169tk, got sms too but it wasn t add in my balance",Prepaid Voice bundle Q,prepaid_SMS_bundle_q,0.488220489
How to buy 6 min,Prepaid Voice bundle Q,prepaid_voice_bundle_q,0.66399715
Ami Jante Chai 5minet Kivaby Kinbo.Ki Ki Dail Krle 5minet Kinty Parbo,Prepaid Voice bundle Q,prepaid_SMS_bundle_q,0.526870189
Valo kome damay vaysi minit offer,Prepaid Voice bundle Q,prepaid_voice_bundle_q,0.940193455
6 Taka Minit,Prepaid Voice bundle Q,prepaid_voice_bundle_q,0.975858885
Robite minit er offer,Prepaid Voice bundle Q,prepaid_voice_bundle_q,0.872251983
7 takay minit kivabe kinbo,Prepaid Voice bundle Q,prepaid_voice_bundle_q,1
how to buy 30 day min bundle ?,Prepaid Voice bundle Q,prepaid_voice_bundle_q,1
Ami Jante Chai 27tk 44minet.Koto Gonta Thaky,Prepaid Voice bundle Q,prepaid_SMS_bundle_q,0.328156168
Minute kinbo kivabe,Prepaid Voice bundle Q,prepaid_voice_bundle_q,0.744341296
minute offer please !!,Prepaid Voice bundle Q,prepaid_voice_bundle_q,0.410296731
Minit kinbo kivabe,Prepaid Voice bundle Q,prepaid_voice_bundle_q,0.737159244
Robita kivabe Minit kany,Prepaid Voice bundle Q,prepaid_voice_bundle_q,0.898387988
Welcome...Kom takai 30 din miyadi minute bundle pele aktu upokrito hobo,Prepaid Voice bundle Q,prepaid_voice_bundle_q,1
Asha kri kom takai 30din miyadi minute bundle diben,Prepaid Voice bundle Q,prepaid_voice_bundle_q,0.922056319
Kom takai kicu minutes 30din miyadi offer denna pls..,Prepaid Voice bundle Q,prepaid_voice_bundle_q,0.588586615
আমি রবি থেকে সাহায্যো পেতে পারি?আচ্ছা আমি যথি *0,Prepaid Voice bundle Q,prepaid_voice_bundle_q,0.378821122
Are Ami Jothe Amr Phn Diye Kine Offar Dekhy.Tahole Koto Gonta Thakby 27takay 44minet,Prepaid Voice bundle Q,prepaid_SMS_bundle_q,0.397665498
Kom takay minit kinbo kivabe?,Prepaid Voice bundle Q,prepaid_voice_bundle_q,0.765663918
10minute kivabe kinbo,Prepaid Voice bundle Q,prepaid_SMS_bundle_q,0.558437126
"Assalamu alikum,minute offer lagbe monthly",Prepaid Voice bundle Q,prepaid_voice_bundle_q,0.823114387
Robi te minute kine kivabe,Prepaid Voice bundle Q,prepaid_voice_bundle_q,0.707081907
30 TAKAI 50 MINIT 15 DIN. BUNDIL TI PROSES HOCCEA NA,Prepaid Voice bundle Q,prepaid_voice_bundle_q,1
Minute kinbo kivabe,Prepaid Voice bundle Q,prepaid_voice_bundle_q,0.744341296
Minit kinbo kivabe,Prepaid Voice bundle Q,prepaid_voice_bundle_q,0.737159244
Robi te minute kine kivabe,Prepaid Voice bundle Q,prepaid_voice_bundle_q,0.707081907
200 min 120 tk Dail code koto?,Prepaid Voice bundle Q,prepaid_voice_bundle_q,1
Robi te minute kine kivabe,Prepaid Voice bundle Q,prepaid_voice_bundle_q,0.707081907
Taka katen keno,Prepaid Voice bundle Q,prepaid_voice_bundle_q,0.508509214
Minite bundle check kore ki diye,Prepaid Voice bundle Q,prepaid_voice_bundle_q,0.752227067
Oi robi sem a menit offar jante koto koto dail korbo,Prepaid Voice bundle Q,prepaid_SMS_bundle_q,0.317450674
6takay 10 menit kinte koto koto dail korbo,Prepaid Voice bundle Q,prepaid_voice_bundle_q,0.307040606
And 3 takay 5menit pete koto dail korbo,Prepaid Voice bundle Q,None,0.260991618
Minute kinbo kivabe,Prepaid Voice bundle Q,prepaid_voice_bundle_q,0.744341296
kivabe minit dekhbo,Prepaid Voice bundle Q,prepaid_voice_bundle_q,0.898387988
kevavay mainet naou ji,Prepaid Voice bundle Q,None,0.657399509
5 menat neta ke kurta hovay,Prepaid Voice bundle Q,prepaid_voice_bundle_q,0.755896067
Robir minit deke ki dia,Prepaid Voice bundle Q,prepaid_voice_bundle_q,0.59516579
ki dail kora robita minet kinbo,Prepaid Voice bundle Q,prepaid_SMS_bundle_q,0.29386312
minit kine kivabe?,Prepaid Voice bundle Q,prepaid_voice_bundle_q,0.903193362
robi te minete kine kivabe?,Prepaid Voice bundle Q,prepaid_SMS_bundle_q,0.464910946
মিনিট ওফার দেখে কিনবো কিভাবে,Prepaid Voice bundle Q,None,0.657399509
Minute kinbo kivabe,Prepaid Voice bundle Q,prepaid_voice_bundle_q,0.744341296
Robi minute kinbo kivabe,Prepaid Voice bundle Q,prepaid_voice_bundle_q,0.598946128
3 teker offar dan,Prepaid Voice bundle Q,None,0.657399509
Amr kaca akon 3 taka aca,Prepaid Voice bundle Q,prepaid_voice_bundle_q,0.83468118
"Ami 99 tk ,160minit nibo to kothu din det thakbe",Prepaid Voice bundle Q,prepaid_voice_bundle_q,0.307232692
6tkar minite kinar code,Prepaid Voice bundle Q,prepaid_voice_bundle_q,0.599742676
Sir ami 1maser koto minit koto taka diye ante parbo?,Prepaid Voice bundle Q,prepaid_voice_bundle_q,0.771649819
Minit kine knto diye 5,Prepaid Voice bundle Q,prepaid_voice_bundle_q,0.943455247
Minute kinbo kivabe,Prepaid Voice bundle Q,prepaid_voice_bundle_q,0.744341296
মিনিট কিনার কোড কি,Prepaid Voice bundle Q,None,0.657399509
মিনিট কিনার কোড কি,Prepaid Voice bundle Q,None,0.657399509
Bhalo minute offer ashena keno?,Prepaid Voice bundle Q,prepaid_voice_bundle_q,0.953154634
Bortomane Koto Taka Account Balance Rekhe Robi er Minute Bundle Packs Kinte Parbo.,Prepaid Voice bundle Q,prepaid_voice_bundle_q,0.876090815
Bortomane Koto Taka Account Balance Rekhe Robi er Minute Bundle Packs Kinte Parbo.,Prepaid Voice bundle Q,prepaid_voice_bundle_q,0.876090815
Minite Kibabe Cheak Kore?,Prepaid Voice bundle Q,prepaid_voice_bundle_q,1
Minite Kibabe Dekha?R Robir Offer Ekhono Pai Na Kano?,Prepaid Voice bundle Q,prepaid_voice_bundle_q,0.792490549
Robi te minute kine kivabe,Prepaid Voice bundle Q,prepaid_voice_bundle_q,0.707081907
Minit pack code ki hobea.,Prepaid Voice bundle Q,prepaid_voice_bundle_q,0.854804045
Akhon amar proyojon 5minit bundile code.,Prepaid Voice bundle Q,None,0.335068174
Sir. *0,Prepaid Voice bundle Q,None,0.393178629
"Amr ei sime ekta message ase ,324taka jdi ami recharge kri 525minute r 1lakh takar jibn bima dewa hbe ,,, ei sms er sothik tottho jante chai",Prepaid Voice bundle Q,prepaid_SMS_bundle_q,0.659793135
3tk-y 5minit ai offer ar code ti amake sent korun.,Prepaid Voice bundle Q,prepaid_voice_bundle_q,0.266324177
Robi te minit cheack koror number,Prepaid Voice bundle Q,prepaid_voice_bundle_q,0.377764038
Robi min kinte ki code,Prepaid Voice bundle Q,prepaid_voice_bundle_q,0.591128248
Robi te minute kine kivabe,Prepaid Voice bundle Q,prepaid_voice_bundle_q,0.707081907
Minute kinbo kivabe,Prepaid Voice bundle Q,prepaid_voice_bundle_q,0.744341296
Posondo moto minute pack nibo kivabe,Prepaid Voice bundle Q,prepaid_voice_bundle_q,1
com takar miniet,Prepaid Voice bundle Q,None,0.657399509
com takar minite,Prepaid Voice bundle Q,prepaid_voice_bundle_q,0.509715244
ami jante chasi minit ki koto dayal kore kine,Prepaid Voice bundle Q,prepaid_voice_bundle_q,0.809843995
মিনিট চেক করার কোড ও অন্যান্য তথ্য জানালে উপকৃত হবো।,Prepaid Voice bundle Q,None,0.657399509
5 minet kenta ke korta hobo,Prepaid Voice bundle Q,prepaid_voice_bundle_q,0.886445819
5 minet neta ke daial,Prepaid Voice bundle Q,prepaid_voice_bundle_q,0.886445819
5 minet neta ke daial korta hoba,Prepaid Voice bundle Q,prepaid_voice_bundle_q,0.886445819
Six taka diwe ten minit anar niom,Prepaid Voice bundle Q,prepaid_voice_bundle_q,0.976364753
মিনিট চেক করব কিবাভে,Prepaid Voice bundle Q,None,0.657399509
What is dial code of minute?,Prepaid Voice bundle Q,prepaid_voice_bundle_q,0.47312553
Robi minit code,Prepaid Voice bundle Q,prepaid_voice_bundle_q,0.69124963
"Amr ,160minit ace to ami det bary nita cayi to nita parbo ki",Prepaid Voice bundle Q,prepaid_SMS_bundle_q,0.35391463
রবির মিনিট কেনা যায় না*,Prepaid Voice bundle Q,None,0.657399509
রবি সিমের মিনিট কি দিয়ে কিনে,Prepaid Voice bundle Q,None,0.657399509
Minute kinbo kivabe,Prepaid Voice bundle Q,prepaid_voice_bundle_q,0.744341296
6 takay koto minite,Prepaid Voice bundle Q,prepaid_voice_bundle_q,0.757736199
কম মিনিটের অফার দেন,Prepaid Voice bundle Q,None,0.657399509
3 TAKAY 5 MINITS CODE KI,Prepaid Voice bundle Q,prepaid_voice_bundle_q,0.621659327
How i check minite,Prepaid Voice bundle Q,prepaid_voice_bundle_q,0.610402362
Minit kinbo kibava,Prepaid Voice bundle Q,prepaid_voice_bundle_q,0.685117977
Robi sime minit ki vabe kina jai,Prepaid Voice bundle Q,prepaid_voice_bundle_q,0.622485228
robi te minute bundle kinte hole koroniyo ki?,Prepaid Voice bundle Q,prepaid_voice_bundle_q,0.843544891
মিনিট কি করে কেনবো।,Prepaid Voice bundle Q,None,0.657399509
Valo minite de,Prepaid Voice bundle Q,prepaid_voice_bundle_q,0.509715244
Minute kinbo kivabe,Prepaid Voice bundle Q,prepaid_voice_bundle_q,0.744341296
Minute kivabe purchase kore,Prepaid Voice bundle Q,prepaid_voice_bundle_q,0.84899699
Minute kivabe kine,Prepaid Voice bundle Q,prepaid_voice_bundle_q,0.868729452
10 minute 6tk kivabe,Prepaid Voice bundle Q,prepaid_voice_bundle_q,0.905140431
Minute kinbo kivabe?,Prepaid Voice bundle Q,prepaid_voice_bundle_q,0.822732603
Minute kibave chak korbo,Prepaid Voice bundle Q,prepaid_voice_bundle_q,0.931422692
মিনিট কিনতে ডায়াল,Prepaid Voice bundle Q,None,0.657399509
আমি কম টাকা বেশি মেয়াদের মিনিট প্যাক কিনতে চাই,Prepaid Voice bundle Q,None,0.657399509
Minute kinbo kivabe,Prepaid Voice bundle Q,prepaid_voice_bundle_q,0.744341296
robi minit kivaba kinbo,Prepaid Voice bundle Q,prepaid_voice_bundle_q,0.505380301
Robi Thy kivby minit kene?,Prepaid Voice bundle Q,prepaid_voice_bundle_q,0.786233655
Ami 10 minit nibo kiveba,Prepaid Voice bundle Q,prepaid_voice_bundle_q,0.794302659
14 Minutes Kinbo Kto Dial Kore,Prepaid Voice bundle Q,prepaid_voice_bundle_q,0.30098346
2 takar minit code,Prepaid Voice bundle Q,prepaid_voice_bundle_q,0.945815515
facebook and WhatsApp MB 34tk 700MB 30day code ta den please,Prepaid Voice bundle Q,prepaid_voice_bundle_q,0.257290046
Minute Kinar code ki,Prepaid Voice bundle Q,prepaid_voice_bundle_q,0.848051082
Menet ofer plice,Prepaid Voice bundle Q,None,0.657399509
kom tkay bashi mitite robity,Prepaid Voice bundle Q,None,0.657399509
মিনিটের ওফার নিবো,Prepaid Voice bundle Q,None,0.657399509
Minite offer nibo..Minite kenbo ..,Prepaid Voice bundle Q,prepaid_voice_bundle_q,0.582472549
Robi sim a ki minit kina jay,Prepaid Voice bundle Q,prepaid_voice_bundle_q,0.498391365
MUNIT KI KORE KINE,Prepaid Voice bundle Q,prepaid_voice_bundle_q,1
robir minit ofar,Prepaid Voice bundle Q,prepaid_voice_bundle_q,0.921956762
I need to know 6tk 10 min code.,Prepaid Voice bundle Q,prepaid_voice_bundle_q,0.874558598
15 minute 2 tk please,Prepaid Voice bundle Q,prepaid_voice_bundle_q,0.935111404
Mini pack chai,Prepaid Voice bundle Q,None,0.329997999
আমি মিনিট প্যাক নিব,Prepaid Voice bundle Q,None,0.657399509
আমি মিনিট প্যাক নিব,Prepaid Voice bundle Q,None,0.657399509
কিভাবে মিনিট কিনবো এবং এমবি কিনবো,Prepaid Voice bundle Q,None,0.657399509
এবং এস এম এস কিনবো,Prepaid Voice bundle Q,None,0.657399509
এবং এমবি দেখবো কিভাবে,Prepaid Voice bundle Q,None,0.657399509
6 taka diya 10 mint kina j code ta aktu janaban pls,Prepaid Voice bundle Q,prepaid_voice_bundle_q,0.904418003
3 tk 5m,Prepaid Voice bundle Q,prepaid_voice_bundle_q,0.567772906
3 tk 5 minutes,Prepaid Voice bundle Q,prepaid_voice_bundle_q,0.76738922
How to check minute bundle..?,Prepaid Voice bundle Q,prepaid_voice_bundle_q,1
25/30TAKAY 30/15DAYS ER MINIT OFFER ACHE KI?,Prepaid Voice bundle Q,prepaid_voice_bundle_q,0.919214449
,,,
How to robi number voice chek ?,Prepaid Voice bundle Q,prepaid_voice_bundle_q,0.341225552
How to robi number voice bundle chek ?,Prepaid Voice bundle Q,prepaid_voice_bundle_q,1
3tk min richars,Prepaid Voice bundle Q,prepaid_voice_bundle_q,0.597294919
Robi minute kinar code koto ?,Prepaid Voice bundle Q,prepaid_voice_bundle_q,0.81931595
3 taker minte kinbo,Prepaid Voice bundle Q,prepaid_SMS_bundle_q,0.617123291
minute bundle kinte ke dial korte hobe?,Prepaid Voice bundle Q,prepaid_voice_bundle_q,0.916778977
amra je minute bundle ti kinte chai tar meyad koto din thakbe ta ullekh na thakle ta janar ke kono upay ache?,Prepaid Voice bundle Q,prepaid_voice_bundle_q,1
Minute kinbo kivabe,Prepaid Voice bundle Q,prepaid_voice_bundle_q,0.744341296
Minute kene kivabe apnader Robi te?,Prepaid Voice bundle Q,prepaid_voice_bundle_q,0.753843126
8 taka,Prepaid Voice bundle Q,prepaid_voice_bundle_q,0.83468118
Minute kinbo kivabe,Prepaid Voice bundle Q,prepaid_voice_bundle_q,0.744341296
how can I check my minute pack??,Prepaid Voice bundle Q,prepaid_voice_bundle_q,0.878244798
Minet pak kinbo kivabe koto koto cord dayal kore,Prepaid Voice bundle Q,prepaid_voice_bundle_q,1
Minute kinbo kivabe,Prepaid Voice bundle Q,prepaid_voice_bundle_q,0.744341296
Minit kinbo kemon kore,Prepaid Voice bundle Q,prepaid_voice_bundle_q,0.679979382
রবিতে 5মিনিট কীভাবে কিনতে হয় তার ড়ায়াল কি??,Prepaid Voice bundle Q,prepaid_voice_bundle_q,0.378821122
রবিতে 5মিনিট কীভাবে কিনতে হয় তার ড়ায়াল কি??,Prepaid Voice bundle Q,prepaid_voice_bundle_q,0.378821122
Kom takay robi mini pack offar pele balo hoto..,Prepaid Voice bundle Q,prepaid_SMS_bundle_q,0.473195565
Robi minute kinbo kivabe,Prepaid Voice bundle Q,prepaid_voice_bundle_q,0.598946128
how can i get minute offer?,Prepaid Voice bundle Q,prepaid_voice_bundle_q,0.950135019
Amar 60takay kno call rate ba minite bundle ace ar amr sim a kno bises call rate ba mimite er offer thakle janaban ar 47tkr call rate er mayad 3DAY dakhay30na,Prepaid Voice bundle Q,prepaid_voice_bundle_q,0.569197858
5minite Ki Vabe Kinbo Ki Ki Dial Kore,Prepaid Voice bundle Q,prepaid_SMS_bundle_q,0.382264955
5 minit kinte hoi kemne,Prepaid Voice bundle Q,prepaid_voice_bundle_q,0.979924647
27 taka recharge er offer shomporke bistarito bolen.,Prepaid Voice bundle Q,prepaid_voice_bundle_q,1
Oi Mia 60 Tk Tullam 100 Minit Kinmu. Koi Minit To Pelam Na..?,Prepaid Voice bundle Q,prepaid_voice_bundle_q,0.838823152
Minute kinbo kivabe,Prepaid Voice bundle Q,prepaid_voice_bundle_q,0.744341296
How can i purchase monthly minute pack less than 200/-,Prepaid Voice bundle Q,prepaid_voice_bundle_q,0.959009505
কম টাকার মিনীট নেই,Prepaid Voice bundle Q,None,0.657399509
রবিতে 2.3.4.5 টাকার মিনীট নাই,Prepaid Voice bundle Q,prepaid_voice_bundle_q,0.755896067
kom takar menet ofer,Prepaid Voice bundle Q,None,0.657399509
"আমার একটা সাহায্য করুন। রবিতে খুব কম দামে , এক মাস মেয়াদের মিনিট কিনবো কিভাবে? মনে রাখবেন প্যাকটি যেনো একমাসের হয়।। একমাস মেয়াদ এ মিনিট কীভাবে কিনবো রবিতে?",Prepaid Voice bundle Q,prepaid_voice_bundle_q,0.378821122
৩২৪ রিচার্জে ১ লাখ টাকা জীবন বীমা ওই টাকাটা আমি মারার আগে পাব না মরার পরে,Prepaid Voice bundle Q,None,0.657399509
Ajkar minte offer,Prepaid Voice bundle Q,prepaid_voice_bundle_q,0.52920416
Robi ajkar offer,Prepaid Voice bundle Q,prepaid_SMS_bundle_q,0.390676481
আমি মিনিট কিনব কি ভাবে ।,Prepaid Voice bundle Q,None,0.657399509
মিনিট কিনার কোড কত আর কত টাকা দিয়ে কত মিনিট,Prepaid Voice bundle Q,None,0.657399509
কম টাকা রিচার্জে মিনিট বান্ডেল নাই,Prepaid Voice bundle Q,None,0.657399509
২৭ টাকা দিয়ে ৪২ মিনিট বান্ডেলটি রিচার্জ করলে কি হবে,Prepaid Voice bundle Q,None,0.657399509
robi sim a minit kivabe kinte hoi,Prepaid Voice bundle Q,prepaid_voice_bundle_q,1
minit kinar number den,Prepaid Voice bundle Q,prepaid_voice_bundle_q,0.703399686
Robi te minute pack kinbo kemne ?,Prepaid Voice bundle Q,prepaid_voice_bundle_q,0.658538254
5min kivaba kinbo,Prepaid Voice bundle Q,prepaid_SMS_bundle_q,0.617123291
"Ok.thanks,.kintu mnit offer gulo chai",Prepaid Voice bundle Q,prepaid_voice_bundle_q,1
Minite ofare dekhar coad koto,Prepaid Voice bundle Q,prepaid_voice_bundle_q,0.563572191
robite shorboccho koto takar munit kena jay,Prepaid Voice bundle Q,prepaid_voice_bundle_q,0.401249763
Free minit offer,Prepaid Voice bundle Q,prepaid_voice_bundle_q,0.940193455
Minute dakbo kivaba,Prepaid Voice bundle Q,prepaid_voice_bundle_q,0.931422692
TEN MINIT ANTE HOLE KI CODE LIKHTE HOBE,Prepaid Voice bundle Q,prepaid_voice_bundle_q,0.942501544
Minute kinbo kivabe kindly janaben?,Prepaid Voice bundle Q,prepaid_voice_bundle_q,0.822732603
Robi t 5 minet kena jay na ?????,Prepaid Voice bundle Q,prepaid_voice_bundle_q,1
Minute kinbo kivabe,Prepaid Voice bundle Q,prepaid_voice_bundle_q,0.744341296
এক মাসের মিনিট কেনার অফার দরকার।দয়া করে এক মাসের মিনিটের অফার দিন। যে নাম্বারে ডায়াল করব সেই নাম্বারটা দিন।,Prepaid Voice bundle Q,None,0.657399509
মিনিট কিনবো কত কত ডায়াল করে,Prepaid Voice bundle Q,None,0.657399509
my robi app bebohar na kore kivabe minute kinbo?,Prepaid Voice bundle Q,prepaid_voice_bundle_q,0.740393155
Minute kinbo kivabe kindly janaben?,Prepaid Voice bundle Q,prepaid_voice_bundle_q,0.822732603
27 taka 42 minutes er code ta kindly deya jbe?,Prepaid Voice bundle Q,prepaid_voice_bundle_q,0.937640512
Minute jene kivabe,Prepaid Voice bundle Q,prepaid_voice_bundle_q,0.905140431
Minute kene kivabe,Prepaid Voice bundle Q,prepaid_voice_bundle_q,0.905140431
Minute Kinar code den,Prepaid Voice bundle Q,prepaid_voice_bundle_q,0.734941524
Robi te minute kivabe kine,Prepaid Voice bundle Q,prepaid_voice_bundle_q,0.707081907
রবি সিমে মিনিট কিনতে কত কত ডাযেল করা লাগে,Prepaid Voice bundle Q,None,0.657399509
Talk time minuit,Prepaid Voice bundle Q,None,0.657399509
মিনিট চেক করতে কত কত ডায়াল করতে হবে,Prepaid Voice bundle Q,None,0.657399509
রবি সিমে মিনিট কিনতে কত কত ডাযেল করা লাগে,Prepaid Voice bundle Q,None,0.657399509
plz minit kinar cot den,Prepaid Voice bundle Q,prepaid_voice_bundle_q,1
KE VABA MENET PAK KINBO PLEASE BOLON,Prepaid Voice bundle Q,prepaid_SMS_bundle_q,0.617123291
রবি সিমে মিনিট কিনতে কত কত ডাযেল করা লাগে,Prepaid Voice bundle Q,None,0.657399509
minute offer ase takle akta bolen???,Prepaid Voice bundle Q,prepaid_voice_bundle_q,0.846109051
"kom takar besi minit newa jai arokm cot kujlam,,",Prepaid Voice bundle Q,prepaid_voice_bundle_q,0.921956762
minnite offer chai,Prepaid Voice bundle Q,prepaid_voice_bundle_q,0.52920416
মিনিট চেক করতে কি ডায়াল করতে হবে।,Prepaid Voice bundle Q,None,0.657399509
কয়েকদিন আগে দুই বার ১৬ টাকা রিচার্জ করলাম রিচার্জের টাকা কোথাও পাইনি।,Prepaid Voice bundle Q,None,0.657399509
Minute kinbo kivabe,Prepaid Voice bundle Q,prepaid_voice_bundle_q,0.744341296
minit offer cai,Prepaid Voice bundle Q,prepaid_voice_bundle_q,0.709463228
minit kenar jonno kicu offer dorkar,Prepaid Voice bundle Q,prepaid_voice_bundle_q,0.602960607
রিচার্জের টাকা থেকে চার্জ কেটে নিয়ে যায়?,Prepaid Voice bundle Q,prepaid_voice_bundle_q,0.378821122
Ace Bundle (98 Taka muller) kivabe kinbo ebong ki ki pabo?,Prepaid Voice bundle Q,prepaid_voice_bundle_q,0.729224004
Ami minit kinte Chachi,Prepaid Voice bundle Q,prepaid_voice_bundle_q,0.689647012
"Assa 46 Tk Maje Ki 15 Din Er Meyade Minit Offar Ase,,ba 15 Din Er Meyade Ki Ki Minit Offar Ase",Prepaid Voice bundle Q,prepaid_voice_bundle_q,1
Minute kinbo kivabe,Prepaid Voice bundle Q,prepaid_voice_bundle_q,0.744341296
How to chake robi minet offer,Prepaid Voice bundle Q,prepaid_voice_bundle_q,0.522907517
Please answer me....,Prepaid Voice bundle Q,None,0.487751516
3 taka 5 minit offer ta,Prepaid Voice bundle Q,prepaid_voice_bundle_q,1
10taka 20 minit offer ta,Prepaid Voice bundle Q,prepaid_voice_bundle_q,0.89018751
Valo min banddel er jonno ki korte hobe,Prepaid Voice bundle Q,prepaid_voice_bundle_q,0.412388492
5mint Kibabe Kinbo?,Prepaid Voice bundle Q,prepaid_SMS_bundle_q,0.622229502
9 taka 14 minit,Prepaid Voice bundle Q,prepaid_voice_bundle_q,0.975858885
মিনিটের মেচেচ দেন,Prepaid Voice bundle Q,None,0.657399509
Minite bundile jante c,Prepaid Voice bundle Q,prepaid_voice_bundle_q,0.509715244
"5 ,ba 6 takar minites",Prepaid Voice bundle Q,prepaid_voice_bundle_q,0.755896067
"Minute kinte hoy,kivabe?",Prepaid Voice bundle Q,prepaid_voice_bundle_q,0.894932022
Minute kinte hoy..Ki ki number daile korte hoy?,Prepaid Voice bundle Q,prepaid_voice_bundle_q,1
Robi sim a mint kinbo ke vaba?,Prepaid Voice bundle Q,prepaid_SMS_bundle_q,0.791679756
robite ki jhotpot loan diye minute kina jay?,Prepaid Voice bundle Q,prepaid_voice_bundle_q,0.915713927
Minit pek kinte chye valo valo ofaar lagbe .....,Prepaid Voice bundle Q,prepaid_voice_bundle_q,0.577883394
min offer for 30 days in 30tk,Prepaid Voice bundle Q,prepaid_voice_bundle_q,1
10 minit kinbo number ki ki lagbe ????,Prepaid Voice bundle Q,prepaid_voice_bundle_q,0.784556853
কি ডায়াল করলে মিনিট জানতে পারবো?,Prepaid Voice bundle Q,prepaid_voice_bundle_q,0.378821122
please min pak,Prepaid Voice bundle Q,prepaid_voice_bundle_q,0.597294919
min kinbo kivabe,Prepaid Voice bundle Q,prepaid_voice_bundle_q,0.495234688
Minut kine ki vabe,Prepaid Voice bundle Q,prepaid_voice_bundle_q,0.336175754
5 manit kanta ke korta hoc,Prepaid Voice bundle Q,prepaid_voice_bundle_q,0.755896067
Minit kinbo ki korg,Prepaid Voice bundle Q,prepaid_voice_bundle_q,0.727888747
Ami 4takar minit kinb,Prepaid Voice bundle Q,prepaid_voice_bundle_q,0.698254081
9 taka 14 minit offer ta,Prepaid Voice bundle Q,prepaid_voice_bundle_q,0.972577974
Minet Kene Ki Kore,Prepaid Voice bundle Q,prepaid_voice_bundle_q,0.441551979
অটো মিনিট বন্ধ করতে কী ডায়াল করব?,Prepaid Voice bundle Q,prepaid_voice_bundle_q,0.378821122
robi sim a minutes kine kemne jante pari please...,Prepaid Voice bundle Q,prepaid_SMS_bundle_q,0.354359327
6taka 10minit offer ta,Prepaid Voice bundle Q,prepaid_voice_bundle_q,0.471124413
How can I buy voice pack for unlimited validity?,Prepaid Voice bundle Q,prepaid_voice_bundle_q,0.347344785
Minute Kinar code den,Prepaid Voice bundle Q,prepaid_voice_bundle_q,0.734941524
Minute kinbo kivabe,Prepaid Voice bundle Q,prepaid_voice_bundle_q,0.744341296
Minit pak ki vabe kine??,Prepaid Voice bundle Q,prepaid_voice_bundle_q,1
Minute kinbo kivabe,Prepaid Voice bundle Q,prepaid_voice_bundle_q,0.744341296
minit oper cai¡¡¡¡¡¡¡¡¡¡¡¡¡¡¡¡¡¡,Prepaid Voice bundle Q,prepaid_voice_bundle_q,0.493937399
ak mash er jonno minit offer code,Prepaid Voice bundle Q,prepaid_voice_bundle_q,0.73533368
6 takar minit¡¡¡¡¡¡¡¡¡¡¡¡¡¡¡¡¡¡¡,Prepaid Voice bundle Q,prepaid_voice_bundle_q,0.97294443
আমি রবিতে মিনিট কিনতে চাই,Prepaid Voice bundle Q,None,0.657399509
Robi sim a minit code koto koto.ami jani na bolbe ektu.,Prepaid Voice bundle Q,prepaid_voice_bundle_q,0.4830695
Ami try korlam opction gulor moyde ami 20min14TK EVABE OPOCITON DEKABE KI CODE TYPE KORLE A??,Prepaid Voice bundle Q,prepaid_SMS_bundle_q,0.440311084
50 taka 100 minit offer ta,Prepaid Voice bundle Q,prepaid_voice_bundle_q,0.91755926
Robi minute kine kevabe,Prepaid Voice bundle Q,prepaid_voice_bundle_q,0.714516248
Minute Kinar code den,Prepaid Voice bundle Q,prepaid_voice_bundle_q,0.734941524
মিনিট প্যাক কিনব কেমনে,Prepaid Voice bundle Q,None,0.657399509
100 minite ret kto,Prepaid Voice bundle Q,None,0.340849417
5 minit kinte hoi koto koto dayel kore bolben plz,Prepaid Voice bundle Q,prepaid_voice_bundle_q,0.87077878
Minute Kinar code den,Prepaid Voice bundle Q,prepaid_voice_bundle_q,0.734941524
Robi minute kine kevabe,Prepaid Voice bundle Q,prepaid_voice_bundle_q,0.714516248
Robi minute kine kevabe,Prepaid Voice bundle Q,prepaid_voice_bundle_q,0.714516248
3 takar Minute bundle code...,Prepaid Voice bundle Q,prepaid_voice_bundle_q,0.895512885
মিনিট প্যাক কিনবো কত ডায়াল করে,Prepaid Voice bundle Q,None,0.657399509
minit kivabe kine,Prepaid Voice bundle Q,prepaid_voice_bundle_q,0.864202342
3 takar minit,Prepaid Voice bundle Q,prepaid_voice_bundle_q,0.921956762
min offer in 30 tk,Prepaid Voice bundle Q,prepaid_voice_bundle_q,0.532805973
Robi minute kine kevabe,Prepaid Voice bundle Q,prepaid_voice_bundle_q,0.714516248
এখানে সব চেরয়ে কম মিনিট কই টাকা কই দিন ।,Prepaid Voice bundle Q,None,0.657399509
Minit pakg kto taka,Prepaid Voice bundle Q,prepaid_voice_bundle_q,0.934187688
30 টাকায় 50মানিট এই অফার টির কোড কত ? যদি একটু বলা যেত!,Prepaid Voice bundle Q,wow_call,0.357100107
Minute kinbo kivabe?,Prepaid Voice bundle Q,prepaid_voice_bundle_q,0.822732603
2 tk y kunu minute offer ase ki?,Prepaid Voice bundle Q,prepaid_voice_bundle_q,1
Robite bkash charao reacharge shop theke 104tk easy load kore minute pawa jabe ?,Prepaid Voice bundle Q,prepaid_voice_bundle_q,0.729664905
minet offer den,Prepaid Voice bundle Q,prepaid_voice_bundle_q,0.460697095
Robi minute code,Prepaid Voice bundle Q,prepaid_voice_bundle_q,0.698095242
মিনিট কিভাবে কিনে,Prepaid Voice bundle Q,None,0.657399509
Minite kivabe kine plese,Prepaid Voice bundle Q,prepaid_voice_bundle_q,0.656216424
রবি সিমে মিনিট কিন বো কেমন করে ডায়ল,Prepaid Voice bundle Q,None,0.657399509
,,,
Minut kine kivabe,Prepaid Voice bundle Q,prepaid_voice_bundle_q,0.382004124
মিনিট কিনবো কিবাবে,Prepaid Voice bundle Q,None,0.657399509
Minute kinbo kivabe,Prepaid Voice bundle Q,prepaid_voice_bundle_q,0.744341296
Robi te minute pack kinar code ta koto?,Prepaid Voice bundle Q,prepaid_voice_bundle_q,0.824330044
1takar minit offer ace ki?,Prepaid Voice bundle Q,prepaid_voice_bundle_q,0.948905116
3takar minit offer er code din tw,Prepaid Voice bundle Q,prepaid_voice_bundle_q,0.845519084
3takar 5minit offer,Prepaid Voice bundle Q,prepaid_voice_bundle_q,0.52920416
5tk y kunu min pack?,Prepaid Voice bundle Q,prepaid_voice_bundle_q,0.738646609
Mint korbo kevaby,Prepaid Voice bundle Q,None,0.657399509
মিনিটের চাট কিভাবে দেখবো,Prepaid Voice bundle Q,None,0.657399509
Meyad kom min besi ei rokom offer pate ki dial korte hobe,Prepaid Voice bundle Q,prepaid_voice_bundle_q,0.815694438
মিনিট কি করে আনে,Prepaid Voice bundle Q,None,0.657399509
1 lokho tk jibon bima ki vaba pabo,Prepaid Voice bundle Q,prepaid_voice_bundle_q,0.280064269
Reacharge minute offer.,Prepaid Voice bundle Q,prepaid_voice_bundle_q,0.944076028
Apnader kace km takai minit kinar cot ace takle plz janaben.Ai doren 5taka 6 taka arkm,Prepaid Voice bundle Q,prepaid_voice_bundle_q,0.925578289
Kivabe minit kinbo,Prepaid Voice bundle Q,prepaid_voice_bundle_q,0.737159244
Robi Te Minit Ki Babe Dekbo,Prepaid Voice bundle Q,prepaid_voice_bundle_q,0.642546622
oi magir polara toder problem ki? amr account a 8.44 taka ache. 8 taka diye 10 min offer asena keno? lekha ase balance kom. khankir polara toder salire chudi.,Prepaid Voice bundle Q,prepaid_voice_bundle_q,0.977108446
Minute balance kivabe dekhe Robi te?,Prepaid Voice bundle Q,prepaid_voice_bundle_q,0.753843126
Taka kom kintu meyad beshi erokom kono min bundle ache?,Prepaid Voice bundle Q,prepaid_voice_bundle_q,0.898318259
রবি শিমের মিনিট কি কোড নমবোর দিয়ে মিনিট করে আর মিনিট কি কোড দিয়ে দাখে আর টাকা ধার লেয়ার কোড নমবোর কি আর ধারের টাকা দেখার কোড কি দয়া করে আমাই এই পৈশ নের উও।র দিন এসেমেসে উও।র পাঠান বাংলাই উও।র Pleaseme!,Prepaid Voice bundle Q,wow_call,0.60687569
রবি শিমের মিনিট কি কোড নমবোর দিয়ে মিনিট করে আর মিনিট কি কোড দিয়ে দা,Prepaid Voice bundle Q,None,0.657399509
Minute kinbo kivabe,Prepaid Voice bundle Q,prepaid_voice_bundle_q,0.744341296
ভয়েস বান্ডিল কিনতে কত ডায়াল করবো,Prepaid Voice bundle Q,None,0.657399509
Robi te minute kinbo kivabe,Prepaid Voice bundle Q,prepaid_voice_bundle_q,0.545096604
Mint offer den,Prepaid Voice bundle Q,prepaid_voice_bundle_q,0.368466734
Mint code den,Prepaid Voice bundle Q,None,0.307811614
Menet kevaba kenbo 5 menet ba 10 menet,Prepaid Voice bundle Q,prepaid_voice_bundle_q,1
robi te minit dekhe ki vabe,Prepaid Voice bundle Q,prepaid_voice_bundle_q,0.58082671
Ki vabe 10 taka diye minite kinvo?,Prepaid Voice bundle Q,prepaid_voice_bundle_q,0.780752523
Robite minit kivhabe kine?,Prepaid Voice bundle Q,prepaid_voice_bundle_q,0.888730946
2 taka diye kivabe minite kinvo?,Prepaid Voice bundle Q,prepaid_voice_bundle_q,1
10takar ky miniter offer pawawa jabe ki?oirkm offar ace ki?,Prepaid Voice bundle Q,prepaid_voice_bundle_q,0.566046067
"Ami aage jokhon prepaid e chilam, tokhon *123*2948*1,Prepaid Voice bundle Q,None,0.36273709350928524
70 taka 110 minit offer ta,Prepaid Voice bundle Q,prepaid_voice_bundle_q,1.0
Minite dekhbo kmne?,Prepaid Voice bundle Q,prepaid_voice_bundle_q,0.6576251616826114
মিনিট অফার চাই,Prepaid Voice bundle Q,None,0.6573995090581345
Robita minit dhaka key vabay,Prepaid Voice bundle Q,prepaid_voice_bundle_q,0.921956761614383
3টাকায়5মিনিট অফারটি চাই,Prepaid Voice bundle Q,None,0.6573995090581345
minite bandle kibaba cheak karba,Prepaid Voice bundle Q,prepaid_voice_bundle_q,0.5097152439480185
Minit dekhbo ki diye??,Prepaid Voice bundle Q,prepaid_voice_bundle_q,0.8565810817062126
49 টাকায় 80 মিনিট কি ভাবে কিনে????,Prepaid Voice bundle Q,prepaid_voice_bundle_q,0.37882112202539775
minite bandle kibaba cheak karba,Prepaid Voice bundle Q,prepaid_voice_bundle_q,0.5097152439480185
5 minit ki dia kinbo,Prepaid Voice bundle Q,prepaid_voice_bundle_q,0.8912351290526489
5 minit kinta chai,Prepaid Voice bundle Q,prepaid_voice_bundle_q,0.9905325704654335
এই সিমে কোন অফার কিনতে পারি না ?মিনিট অফার কিভাবে কিনব,Prepaid Voice bundle Q,prepaid_voice_bundle_q,0.37882112202539775
মিনিট অফার *0,Prepaid Voice bundle Q,None,0.6573995090581345
200 minit 15 din emarjensi dorkar,Prepaid Voice bundle Q,prepaid_voice_bundle_q,0.9341010242670681
এই সিমে কোন অফার কিনতে পারি না ?মিনিট অফার কিভাবে কিনব,Prepaid Voice bundle Q,prepaid_voice_bundle_q,0.37882112202539775
বাংলায় লিখে পাঠান,Prepaid Voice bundle Q,None,0.6573995090581345
3 টাকার পাচ মিনিট,Prepaid Voice bundle Q,None,0.6573995090581345
এই নাম্বারে কয়েকটা মিনিট দিন প্লিজ!,Prepaid Voice bundle Q,wow_call,0.6068756901108856
minit offar janta cai 1mas er junna.,Prepaid Voice bundle Q,prepaid_voice_bundle_q,0.48879021004871587
How to buy 5 min,Prepaid Voice bundle Q,prepaid_voice_bundle_q,0.9588314152284872
199 TAKE MINIT BUNDEL,Prepaid Voice bundle Q,prepaid_voice_bundle_q,0.921956761614383
I need some munite.,Prepaid Voice bundle Q,prepaid_voice_bundle_q,1.0
minit offer kod,Prepaid Voice bundle Q,prepaid_voice_bundle_q,0.9401934545904661
10 minit kinta ki dail korta hoy,Prepaid Voice bundle Q,prepaid_voice_bundle_q,0.9086550411630036
minit offer kivabe pabo,Prepaid Voice bundle Q,prepaid_voice_bundle_q,0.938585557014073
Minit cheak kivabe korbo.,Prepaid Voice bundle Q,prepaid_voice_bundle_q,0.8983879883552195
Minute kivabe kinbo,Prepaid Voice bundle Q,prepaid_voice_bundle_q,0.744341295716608
",,,
